<?xml version = "1.0" encoding = "utf-8"?>
<!DOCTYPE hibernate-mapping PUBLIC
        "-//Hibernate/Hibernate Mapping DTD//EN"
        "http://www.hibernate.org/dtd/hibernate-mapping-3.0.dtd">

<hibernate-mapping>
    <class name="model.Category" table="Category">
        <id name="id" type="int" column="id">
            <generator class="native"/>
        </id>
        <property name="name" column="name" type="string"/>

        <set name="companyUsers" cascade="all">
            <key column="companyUser"/>
            <many-to-many class="model.CompanyUser"/>
        </set>

        <set name="incomes" cascade="all">
            <key column="income"/>
            <one-to-many class="model.Income"/>
        </set>
        <set name="expenses" cascade="all">
            <key column="expense"/>
            <one-to-many class="model.Expense"/>
        </set>
    </class>
</hibernate-mapping>