<?xml version = "1.0" encoding = "utf-8"?>
<!DOCTYPE hibernate-mapping PUBLIC
        "-//Hibernate/Hibernate Mapping DTD//EN"
        "http://www.hibernate.org/dtd/hibernate-mapping-3.0.dtd">

<hibernate-mapping>
    <class name="model.ContactInformation" table="ContactInformation">
        <id name="id" type="int" column="id">
            <generator class="native"/>
        </id>

        <many-to-one name="address" column="address" class="model.Address" not-null="true"/>

        <property name="email" column="email" type="string"/>
        <property name="phoneNumber" column="phoneNumber" type="string"/>
    </class>
</hibernate-mapping>