<?xml version = "1.0" encoding = "utf-8"?>
<!DOCTYPE hibernate-mapping PUBLIC
        "-//Hibernate/Hibernate Mapping DTD//EN"
        "http://www.hibernate.org/dtd/hibernate-mapping-3.0.dtd">

<hibernate-mapping>
    <class name="model.ExpenseType" table="ExpenseType">
        <id name="id" type="int" column="id">
            <generator class="native"/>
        </id>
        <set name="expenses" cascade="all">
            <key column="expenseType"/>
            <one-to-many class="model.Expense"/>
        </set>
        <property name="expenseName" column="expenseName" type="string"/>
        <property name="expenseCode" column="expenseCode" type="string"/>
    </class>
</hibernate-mapping>